solution_id,method,sensor,algorithm,data_rate_Hz,geometric_LOD,condition_LOD,detection_threshold,storage,communication,deployment,crew_size,inspection_cycle_days,f1_total_cost_USD,f2_one_minus_recall,f3_latency_seconds,f4_traffic_disruption_hours,f5_carbon_emissions_kgCO2e_year,f6_system_reliability_inverse_MTBF,detection_recall,system_MTBF_hours,system_MTBF_years,annual_cost_USD,cost_per_km_year,carbon_footprint_tons_CO2_year,is_feasible,constraint_violation,time_seconds,weights
1,WeightedSumBaseline,IoT_Professional_Network,DL_MobileNetV3_Edge,44.97736467723711,Micro,Macro,0.4042161196894979,Storage_Hybrid_Tiered,Communication_Fiber_Metro,Deployment_Jetson_AGX_Orin,3,138,1677067.692975216,0.040000000000000036,8.33149230581051,0.3286631719782617,163.42014883605594,0.00011058051521497809,0.96,9043.184489201496,1.032326996484189,167706.76929752162,838.5338464876081,0.16342014883605593,True,0.0,13.868020296096802,"[0.16666666666666666, 0.16666666666666666, 0.16666666666666666, 0.16666666666666666, 0.16666666666666666, 0.16666666666666666]"
2,WeightedSumBaseline,IoT_Professional_Network,Traditional_Canny_Optimized,42.208480657781024,Micro,Meso,0.7115263198501629,Storage_AWS_S3_Glacier,Communication_V2X_RSU,Deployment_Jetson_OrinNano,3,205,893916.6313057927,0.09488288174521009,16.529853640628072,0.3286631719782617,163.28941411830178,0.0001476099505839953,0.9051171182547899,6774.611034308046,0.7733574240077679,89391.66313057927,446.9583156528963,0.16328941411830178,True,0.0,13.868020296096802,"[1.0, 0.0, 0.0, 0.0, 0.0, 0.0]"
3,WeightedSumBaseline,IoT_Professional_Network,ML_RandomForest_Fast,44.735765614120204,Micro,Meso,0.4985537122751179,Storage_Azure_Blob_Hot,Communication_5G_SmallCell,Deployment_Jetson_OrinNano,4,68,3364388.6770442147,0.040000000000000036,8.366648555584112,0.36518130219806855,163.89828512221806,0.0001749019079821913,0.96,5717.490515322573,0.6526815656760928,336438.86770442146,1682.1943385221073,0.16389828512221805,True,0.0,13.868020296096802,"[0.0, 1.0, 0.0, 0.0, 0.0, 0.0]"
4,WeightedSumBaseline,IoT_LoRaWAN_Sensor,Traditional_Morphology,84.79453874619507,Micro,Meso,0.7611248749968091,Storage_Azure_Blob_Hot,Communication_Fiber_Metro,Deployment_Jetson_OrinNano,2,45,3017396.3792811865,0.10615822836585453,7.184041426991091,0.2556269115386479,100.0,0.00021029640416085982,0.8938417716341455,4755.193052350436,0.5428302571176297,301739.63792811864,1508.6981896405932,0.1,True,0.0,13.868020296096802,"[0.0, 0.0, 1.0, 0.0, 0.0, 0.0]"
5,WeightedSumBaseline,IoT_LoRaWAN_Sensor,DL_MobileNetV3_Edge,37.015410499481334,Micro,Meso,0.5801205549234559,Storage_Hybrid_Tiered,Communication_Fiber_Metro,Deployment_Jetson_OrinNano,1,49,1168248.4987781402,0.04437716248013768,8.719378808049669,0.18259065109903427,100.0,0.00019007983428891864,0.9556228375198623,5260.947347418318,0.6005647656870226,116824.84987781402,584.1242493890701,0.1,True,0.0,13.868020296096802,"[0.0, 0.0, 0.0, 1.0, 0.0, 0.0]"
6,WeightedSumBaseline,IoT_LoRaWAN_Sensor,DL_MaskRCNN_ResNet50,45.382498003502654,Micro,Macro,0.6535682453794553,Storage_Azure_Blob_Hot,Communication_Fiber_Metro,Deployment_Jetson_OrinNano,5,55,3982428.235001429,0.06242708683025311,8.225317813271849,0.4016994324178754,100.0,0.00021781520115334103,0.9375729131697469,4591.047799717174,0.5240922145795861,398242.8235001429,1991.2141175007146,0.1,True,0.0,13.868020296096802,"[0.0, 0.0, 0.0, 0.0, 1.0, 0.0]"
7,WeightedSumBaseline,MMS_Riegl_VMX2HA,DL_EfficientNet_B0,38.25622836539322,Macro,Micro,0.5444888835374212,Storage_Hybrid_Tiered,Communication_Fiber_Metro,Deployment_Jetson_OrinNano,4,44,3078534.179670766,0.07540143524258691,179.92097855337545,92.63063495755449,3027.1405450121474,7.981347203625503e-05,0.9245985647574131,12529.2131076036,1.4302754689045205,307853.4179670766,1539.2670898353829,3.0271405450121476,True,0.0,13.868020296096802,"[0.0, 0.0, 0.0, 0.0, 0.0, 1.0]"
8,WeightedSumBaseline,IoT_Professional_Network,DL_YOLOv7_Standard,50.03977616673962,Micro,Meso,0.6899018050005413,Storage_Hybrid_Tiered,Communication_V2X_RSU,Deployment_Jetson_OrinNano,3,114,1459891.9115741425,0.04308690454798225,17.779585185799327,0.3286631719782617,163.49898782220416,0.00011361560293427633,0.9569130954520177,8801.608002542343,1.0047497719797196,145989.19115741426,729.9459557870713,0.16349898782220415,True,0.0,13.868020296096802,"[0.5, 0.5, 0.0, 0.0, 0.0, 0.0]"
9,WeightedSumBaseline,IoT_LoRaWAN_Sensor,DL_EfficientNet_B0,54.77565667905374,Meso,Micro,0.819317027021607,Storage_PostgreSQL_PostGIS,Communication_5G_SmallCell,Deployment_Cloud_GPU_A4000,1,126,504710.827226231,0.10852206189309777,11.852516621698966,0.18259065109903427,100.0,0.00025061283345349675,0.8914779381069022,3990.2186421173765,0.45550441120061375,50471.0827226231,252.3554136131155,0.1,True,0.0,13.868020296096802,"[0.5, 0.0, 0.5, 0.0, 0.0, 0.0]"
10,WeightedSumBaseline,IoT_LoRaWAN_Sensor,ML_RandomForest_Fast,29.473025657567035,Meso,Micro,0.857724661479839,Storage_Hybrid_Tiered,Communication_LoRaWAN_Gateway,Deployment_Jetson_OrinNano,2,58,744117.5230482022,0.10747214595711774,123.70993881618402,0.2556269115386479,100.0,0.00019081808514481656,0.8925278540428823,5240.593412522064,0.5982412571372219,74411.75230482021,372.05876152410104,0.1,True,0.0,13.868020296096802,"[0.5, 0.0, 0.0, 0.5, 0.0, 0.0]"
11,WeightedSumBaseline,Camera_Basler_ace2Pro,Traditional_Morphology,23.01479847109441,Micro,Macro,0.2773093047447714,Storage_Hybrid_Tiered,Communication_5G_SmallCell,Deployment_Jetson_AGX_Orin,3,122,770067.6783137507,0.040000000000000036,76.24746014977306,7.491775661018924,165.6271985759477,9.116466966503016e-05,0.96,10969.161668378094,1.2521874050659925,77006.76783137507,385.03383915687533,0.16562719857594768,True,0.0,13.868020296096802,"[0.5, 0.0, 0.0, 0.0, 0.5, 0.0]"
12,WeightedSumBaseline,IoT_Professional_Network,DL_EfficientNet_B0,56.248293624916556,Macro,Micro,0.41086710446894614,Storage_Hybrid_Tiered,Communication_V2X_RSU,Deployment_Jetson_AGX_Orin,6,70,1875509.2874045325,0.0502761640294741,10.813027132155916,0.4747356928574892,163.38054438064947,0.00010720608599123379,0.9497238359705259,9327.828646610322,1.0648206217591691,187550.92874045327,937.7546437022663,0.16338054438064947,True,0.0,13.868020296096802,"[0.5, 0.0, 0.0, 0.0, 0.0, 0.5]"
13,WeightedSumBaseline,IoT_LoRaWAN_Sensor,DL_EfficientNet_B0,96.38996900078904,Meso,Micro,0.41641170830708396,Storage_Azure_Blob_Hot,Communication_Fiber_Metro,Deployment_Jetson_OrinNano,1,12,3552403.0674246913,0.040000000000000036,7.055108650893643,0.18259065109903427,100.0,0.0002406462513816515,0.96,4155.477154780425,0.4743695382169435,355240.30674246914,1776.2015337123457,0.1,True,0.0,13.868020296096802,"[0.0, 0.5, 0.5, 0.0, 0.0, 0.0]"
14,WeightedSumBaseline,IoT_Professional_Network,DL_EfficientNet_B0,55.93708405880362,Micro,Micro,0.5380092017732026,Storage_Azure_Blob_Hot,Communication_Fiber_Metro,Deployment_Intel_NUC_Extreme,3,70,3663906.3125898126,0.040000000000000036,7.922228053343726,0.3286631719782617,163.90756274011088,0.00016027809354413538,0.96,6239.155819036695,0.7122323994334127,366390.63125898124,1831.9531562949062,0.16390756274011087,True,0.0,13.868020296096802,"[0.0, 0.5, 0.0, 0.5, 0.0, 0.0]"
15,WeightedSumBaseline,IoT_LoRaWAN_Sensor,DL_AttentionUNet_Crack,56.00933893432758,Micro,Micro,0.7142829911689799,Storage_Hybrid_Tiered,Communication_Fiber_Metro,Deployment_Jetson_AGX_Orin,2,198,1335535.3515969901,0.040000000000000036,7.81235233885195,0.2556269115386479,100.0,0.00018937807990295372,0.96,5280.442174260333,0.6027902025411339,133553.535159699,667.767675798495,0.1,True,0.0,13.868020296096802,"[0.0, 0.5, 0.0, 0.0, 0.5, 0.0]"
16,WeightedSumBaseline,IoT_Professional_Network,DL_YOLOv7_Standard,39.079924153155964,Meso,Macro,0.31548734488867647,Storage_Hybrid_Tiered,Communication_Fiber_Metro,Deployment_Cloud_GPU_A4000,3,53,2038500.3766535104,0.040000000000000036,12.59435871732887,0.3286631719782617,161.3013924007171,0.00010970332223252195,0.96,9115.49422250356,1.0405815322492649,203850.03766535103,1019.2501883267552,0.16130139240071711,True,0.0,13.868020296096802,"[0.0, 0.5, 0.0, 0.0, 0.0, 0.5]"
17,WeightedSumBaseline,IoT_LoRaWAN_Sensor,DL_EfficientNet_B0,78.54677887973519,Meso,Meso,0.5231032692411345,Storage_AWS_S3_Standard,Communication_5G_SmallCell,Deployment_Jetson_OrinNano,3,91,3356373.2693680148,0.05660305963852019,7.304515077544794,0.3286631719782617,100.0,0.00023146599480413467,0.9433969403614798,4320.28903790466,0.49318368012610275,335637.3269368015,1678.1866346840075,0.1,True,0.0,13.868020296096802,"[0.0, 0.0, 0.5, 0.5, 0.0, 0.0]"
18,WeightedSumBaseline,IoT_LoRaWAN_Sensor,Hybrid_CNN_SVM,63.76274615581597,Meso,Macro,0.4070899846691063,Storage_Hybrid_Tiered,Communication_Fiber_Metro,Deployment_Jetson_AGX_Orin,1,1,8086502.556984302,0.040000000000000036,7.573298579664636,0.18259065109903427,100.0,0.0001868570714995924,0.96,5351.684000903232,0.610922831153337,808650.2556984301,4043.2512784921505,0.1,True,0.0,13.868020296096802,"[0.0, 0.0, 0.5, 0.0, 0.5, 0.0]"
19,WeightedSumBaseline,IoT_Professional_Network,Traditional_Morphology,45.41009334469629,Macro,Micro,0.48778587132693196,Storage_Hybrid_Tiered,Communication_Fiber_Metro,Deployment_Jetson_OrinNano,4,99,1733732.2251659425,0.11138787201973976,8.204710822803676,0.36518130219806855,163.32110329624442,8.469182087639189e-05,0.8886121279802602,11807.515644981877,1.3478899138107165,173373.22251659425,866.8661125829713,0.1633211032962444,True,0.0,13.868020296096802,"[0.0, 0.0, 0.5, 0.0, 0.0, 0.5]"
20,WeightedSumBaseline,IoT_LoRaWAN_Sensor,DL_YOLOv8_SOTA,44.94678313943098,Meso,Meso,0.6681661195383578,Storage_Azure_Blob_Hot,Communication_LoRaWAN_Gateway,Deployment_Jetson_OrinNano,1,14,3910089.0979245217,0.06565072738877176,182.56463189951515,0.18259065109903427,100.0,0.00025694254767794783,0.9343492726112282,3891.9206220894234,0.4442831760376054,391008.9097924522,1955.044548962261,0.1,True,0.0,13.868020296096802,"[0.0, 0.0, 0.0, 0.5, 0.5, 0.0]"
21,WeightedSumBaseline,IoT_Professional_Network,Traditional_Morphology,50.81875925028949,Meso,Macro,0.5426986630770657,Storage_Hybrid_Tiered,Communication_Fiber_Metro,Deployment_Jetson_OrinNano,3,3,1573062.7775887405,0.1399147977330224,7.97430131733389,0.3286631719782617,167.9188770190476,8.469182087639189e-05,0.8600852022669776,11807.515644981877,1.3478899138107165,157306.27775887406,786.5313887943703,0.16791887701904762,True,0.0,13.868020296096802,"[0.0, 0.0, 0.0, 0.5, 0.0, 0.5]"
22,WeightedSumBaseline,IoT_Professional_Network,Traditional_Morphology,57.405287036366786,Micro,Meso,0.5160868652937232,Storage_Hybrid_Tiered,Communication_V2X_RSU,Deployment_Jetson_OrinNano,3,1,1232218.2419581162,0.06129713774109602,18.840838480361235,0.3286631719782617,194.64568784570707,8.702515420972522e-05,0.938702862258904,11490.930514067944,1.3117500586835553,123221.82419581161,616.109120979058,0.19464568784570707,True,0.0,13.868020296096802,"[0.0, 0.0, 0.0, 0.0, 0.5, 0.5]"
23,WeightedSumBaseline,IoT_Professional_Network,DL_RetinaNet_Focal,40.42548313370841,Meso,Micro,0.557958156210135,Storage_Hybrid_Tiered,Communication_Fiber_Metro,Deployment_Jetson_AGX_Orin,7,68,2504127.407596886,0.04944779905144148,8.51071202501423,0.4747356928574892,163.4223132998468,0.00010487275265790046,0.9505522009485585,9535.365236974794,1.088512013353287,250412.7407596886,1252.063703798443,0.1634223132998468,True,0.0,13.868020296096802,"[0.044163867061434624, 0.09300554088515302, 0.1462108265905923, 0.34922476280495807, 0.058487513656154226, 0.3089074890017077]"
24,WeightedSumBaseline,IoT_Professional_Network,ML_XGBoost_Tuned,81.2269848107651,Micro,Micro,0.5401578993030677,Storage_Hybrid_Tiered,Communication_5G_SmallCell,Deployment_Jetson_AGX_Orin,4,1,1465239.531188475,0.040000000000000036,7.469521299976332,0.36518130219806855,216.69697378678592,0.00011078966554177547,0.96,9026.112635234285,1.0303781547071102,146523.9531188475,732.6197655942375,0.21669697378678593,True,0.0,13.868020296096802,"[0.05157047430509961, 0.1068958203495005, 0.2143606307015739, 0.19500694159350487, 0.30204194570378046, 0.13012418734654058]"
25,WeightedSumBaseline,IoT_Professional_Network,DL_RetinaNet_Focal,34.89430465645341,Micro,Meso,0.7982181741023591,Storage_Hybrid_Tiered,Communication_4G_Rural,Deployment_Intel_NUC_Extreme,3,95,2297819.954266312,0.0734171790501581,9.648406648201531,0.3286631719782617,163.54074211538685,0.00011185703985992378,0.9265828209498419,8939.982689084916,1.0205459690736205,229781.9954266312,1148.909977133156,0.16354074211538686,True,0.0,13.868020296096802,"[0.2185427563109979, 0.21554406279084792, 0.16642833346591404, 0.004526515619433374, 0.18545986214434318, 0.20949846966846356]"
26,WeightedSumBaseline,IoT_Professional_Network,Traditional_Morphology,47.45578047177982,Micro,Meso,0.46872490634919295,Storage_Hybrid_Tiered,Communication_Fiber_Metro,Deployment_Cloud_GPU_A4000,3,4,1661853.3801181554,0.05552345648649426,12.122890767538646,0.3286631719782617,165.34798399734777,8.311287350797083e-05,0.9444765435135057,12031.830422805635,1.373496623607949,166185.33801181553,830.9266900590777,0.16534798399734776,True,0.0,13.868020296096802,"[0.22004927689212, 0.0828184507208855, 0.07594243792236689, 0.3551093569323417, 0.03664573772806484, 0.22943473980422116]"
27,WeightedSumBaseline,IoT_Professional_Network,ML_SVM_Optimized,74.89037043851832,Meso,Meso,0.39199277517989306,Storage_Hybrid_Tiered,Communication_Fiber_Metro,Deployment_Intel_NUC_Extreme,3,1,1608315.6479867906,0.040000000000000036,7.364558189516332,0.3286631719782617,183.89495710911234,0.00010755825367878466,0.96,9297.287430738987,1.0613341815912085,160831.56479867906,804.1578239933953,0.18389495710911233,True,0.0,13.868020296096802,"[0.06338418641916883, 0.09387496095558169, 0.30446838638868473, 0.0861927197606656, 0.21297269682816347, 0.23910704964773558]"
28,WeightedSumBaseline,IoT_LoRaWAN_Sensor,DL_MobileNetV3_Edge,84.94430356180922,Meso,Micro,0.566731801379723,Storage_Hybrid_Tiered,Communication_5G_SmallCell,Deployment_Intel_NUC_Extreme,4,19,1406035.10041108,0.048129847618112565,7.211186914552279,0.36518130219806855,100.0,0.00016877593527196987,0.9518701523818874,5925.015307357499,0.6763716104289382,140603.510041108,703.01755020554,0.1,True,0.0,13.868020296096802,"[0.13343627963696464, 0.06784931289698246, 0.35746947363371756, 0.21000175788481232, 0.1332730140701368, 0.09797016187738629]"
29,WeightedSumBaseline,IoT_LoRaWAN_Sensor,ML_XGBoost_Tuned,54.26281565414673,Micro,Micro,0.48195779559745944,Storage_Hybrid_Tiered,Communication_Fiber_Metro,Deployment_Intel_NUC_Extreme,1,45,1029961.3734647706,0.040000000000000036,7.853594983660716,0.18259065109903427,100.0,0.0001863558183667603,0.96,5366.0787667597015,0.6125660692648061,102996.13734647706,514.9806867323853,0.1,True,0.0,13.868020296096802,"[0.28004108640950537, 0.18400622041396528, 0.14891842845186912, 0.03251192811165232, 0.25977656394363796, 0.09474577266936986]"
30,WeightedSumBaseline,IoT_LoRaWAN_Sensor,ML_RandomForest_Fast,45.50004048292439,Micro,Meso,0.46737393180272047,Storage_Hybrid_Tiered,Communication_V2X_RSU,Deployment_Intel_NUC_Extreme,4,26,1004951.0016602824,0.040000000000000036,9.963661363489619,0.36518130219806855,100.0,0.00016585810147178313,0.96,6029.250251427281,0.6882705766469499,100495.10016602823,502.4755008301412,0.1,True,0.0,13.868020296096802,"[0.18219018296655703, 0.20859353029196118, 0.047427754241951704, 0.22532350589145195, 0.20602708873835648, 0.13043793786972166]"
31,WeightedSumBaseline,IoT_LoRaWAN_Sensor,DL_EfficientNet_B0,44.85360342576025,Meso,Micro,0.44389102343303966,Storage_Hybrid_Tiered,Communication_5G_SmallCell,Deployment_Jetson_AGX_Orin,5,184,1228404.6355545179,0.040000000000000036,8.247399408190066,0.4016994324178754,100.0,0.00016927718840480197,0.96,5907.470518760297,0.6743687806803992,122840.46355545179,614.2023177772589,0.1,True,0.0,13.868020296096802,"[0.22784993818606317, 0.08726079665780255, 0.22765807954525194, 0.13562317938324128, 0.10239070448697497, 0.2192173017406663]"
32,WeightedSumBaseline,IoT_LoRaWAN_Sensor,ML_RandomForest_Fast,35.80521378494708,Micro,Micro,0.6772205679541414,Storage_Hybrid_Tiered,Communication_Fiber_Metro,Deployment_Jetson_AGX_Orin,3,41,1227391.460687073,0.040000000000000036,8.799957873858158,0.3286631719782617,100.0,0.0001640260212712819,0.96,6096.593651723738,0.695958179420518,122739.1460687073,613.6957303435365,0.1,True,0.0,13.868020296096802,"[0.13998824685517267, 0.25741749037666534, 0.3111341959460148, 0.0989526832820768, 0.07545125479767831, 0.11705612874239212]"
33,WeightedSumBaseline,IoT_LoRaWAN_Sensor,Hybrid_CNN_SVM,55.6522165981176,Micro,Meso,0.6636245706791785,Storage_Hybrid_Tiered,Communication_Fiber_Metro,Deployment_Jetson_OrinNano,3,20,1584047.384865668,0.0400255998880078,7.807860273596949,0.3286631719782617,100.0,0.0001647277756572468,0.9599744001119922,6070.621642343578,0.6929933381670751,158404.73848656678,792.023692432834,0.1,True,0.0,13.868020296096802,"[0.1206498559876167, 0.20739673486498786, 0.12456044078958843, 0.19744392359811055, 0.28340609073675954, 0.06654295402293697]"
34,WeightedSumBaseline,IoT_LoRaWAN_Sensor,ML_RandomForest_Fast,37.64148583546215,Meso,Meso,0.2893363488202213,Storage_Hybrid_Tiered,Communication_V2X_RSU,Deployment_Jetson_OrinNano,3,1,878675.7489619445,0.040000000000000036,9.467051912408495,0.3286631719782617,100.0,0.00016706110899058013,0.96,5985.833603297736,0.6833143382759972,87867.57489619445,439.33787448097223,0.1,True,0.0,13.868020296096802,"[0.2820933200117019, 0.17733898752634808, 0.15553530670500187, 0.22378451740926456, 0.04394886207378046, 0.11729900627390322]"
35,WeightedSumBaseline,IoT_Professional_Network,ML_XGBoost_Tuned,10.0,Micro,Meso,0.7091174057312005,Storage_Hybrid_Tiered,Communication_Fiber_Metro,Deployment_Jetson_AGX_Orin,6,1,2078440.9116739584,0.0525182084260265,16.009870812400635,0.4747356928574892,168.21812005,0.00010235174425453911,0.9474817915739735,9770.229196222534,1.115322967605312,207844.09116739585,1039.2204558369792,0.16821812005,True,0.0,13.868020296096802,"[0.1389239698722825, 0.30955654979573183, 0.11409555754087064, 0.02403245198105656, 0.02061275092957282, 0.3927787198804857]"
36,WeightedSumBaseline,IoT_Professional_Network,DL_YOLOv8_SOTA,22.120246116130595,Macro,Micro,0.42016193809562596,Storage_Hybrid_Tiered,Communication_V2X_RSU,Deployment_Jetson_OrinNano,3,34,1855937.0026826416,0.040000000000000036,11.714368587638909,0.3286631719782617,163.3572186073461,0.00011361560293427633,0.96,8801.608002542343,1.0047497719797196,185593.70026826416,927.9685013413208,0.16335721860734612,True,0.0,13.868020296096802,"[0.19476828537955007, 0.24197535147139138, 0.1928784669499742, 0.014882290859586199, 0.199698789896022, 0.15579681544347623]"
37,WeightedSumBaseline,IoT_Professional_Network,ML_SVM_Optimized,83.98211054062178,Macro,Micro,0.5072649231603065,Storage_Hybrid_Tiered,Communication_Fiber_Metro,Deployment_Intel_NUC_Extreme,3,97,1604453.0398972733,0.04888725955146511,7.203175024481309,0.3286631719782617,163.37729019196274,0.00010755825367878466,0.9511127404485349,9297.287430738987,1.0613341815912085,160445.30398972734,802.2265199486367,0.16337729019196273,True,0.0,13.868020296096802,"[0.321139591409235, 0.07672525712889147, 0.025980422257379118, 0.278099512988537, 0.14113428372513492, 0.1569209324908225]"
38,WeightedSumBaseline,IoT_Professional_Network,Traditional_Morphology,18.53981353464694,Micro,Macro,0.1712313252020124,Storage_Hybrid_Tiered,Communication_Fiber_Metro,Deployment_Jetson_OrinNano,2,96,1419627.2934137401,0.040000000000000036,11.398957715028228,0.2556269115386479,163.35364702693488,9.610734599054715e-05,0.96,10405.031891093498,1.1877890286636414,141962.729341374,709.81364670687,0.1633536470269349,True,0.0,13.868020296096802,"[0.1964011651382035, 0.05010598156138316, 0.12355254560015272, 0.21978670416606902, 0.16274164434507982, 0.24741195918911177]"
39,WeightedSumBaseline,IoT_LoRaWAN_Sensor,DL_YOLOv5s_Optimized,87.33289110791235,Micro,Meso,0.7336437130689466,Storage_Hybrid_Tiered,Communication_Fiber_Metro,Deployment_Jetson_OrinNano,3,144,1346444.2750542844,0.0458374187658922,7.187043772360369,0.3286631719782617,100.0,0.00016724878406060815,0.9541625812341078,5979.116712965858,0.6825475699732715,134644.42750542844,673.2221375271422,0.1,True,0.0,13.868020296096802,"[0.29280411792883154, 0.09253825007021711, 0.2692476731618754, 0.21524123646267712, 0.040970942796543605, 0.0891977795798553]"
40,WeightedSumBaseline,IoT_Professional_Network,Traditional_Morphology,64.36522757408832,Micro,Macro,0.2968147645602006,Storage_Hybrid_Tiered,Communication_V2X_RSU,Deployment_Jetson_OrinNano,1,1,912387.9646192479,0.040000000000000036,19.998119645464264,0.18259065109903427,198.45119866711087,9.844067932388047e-05,0.96,10158.402063743302,1.159634938783482,91238.7964619248,456.19398230962395,0.19845119866711086,True,0.0,13.868020296096802,"[0.2539379058522667, 0.2849897136745358, 0.052259062462006206, 0.23720053326475304, 0.10978927782696178, 0.06182350691947635]"
41,WeightedSumBaseline,IoT_Professional_Network,Traditional_Morphology,34.35992755584777,Micro,Micro,0.5659252172361143,Storage_Hybrid_Tiered,Communication_Fiber_Metro,Deployment_Jetson_OrinNano,2,4,1411759.7771719894,0.05508464508203814,8.91993046217269,0.2556269115386479,167.51231452406776,9.610734599054715e-05,0.9449153549179619,10405.031891093498,1.1877890286636414,141175.97771719896,705.8798885859948,0.16751231452406776,True,0.0,13.868020296096802,"[0.044652711357925076, 0.04472553479060477, 0.20972618618173994, 0.052600099064738864, 0.27452479514581357, 0.37377067345917775]"
42,WeightedSumBaseline,IoT_Professional_Network,ML_RandomForest_Fast,72.2740378863227,Micro,Micro,0.7566583027659194,Storage_Hybrid_Tiered,Communication_Fiber_Metro,Deployment_Jetson_AGX_Orin,1,65,1268033.2713246471,0.04183064724742169,7.454963054687085,0.18259065109903427,163.80951985294524,0.000119475031925772,0.9581693527525783,8369.949636182435,0.9554737027605519,126803.3271324647,634.0166356623236,0.16380951985294526,True,0.0,13.868020296096802,"[0.11795894355649593, 0.1730031984109432, 0.23348839970138452, 0.2300707333906337, 0.0875340604404131, 0.1579446645001296]"
43,WeightedSumBaseline,IoT_Professional_Network,DL_YOLOv8_SOTA,39.22907237580233,Meso,Meso,0.4506281389818013,Storage_Hybrid_Tiered,Communication_5G_SmallCell,Deployment_Jetson_OrinNano,1,125,1203227.8407289195,0.040000000000000036,8.627512305304139,0.18259065109903427,163.3729658493018,0.00012542795344525697,0.96,7972.70442937148,0.9101260764122694,120322.78407289195,601.6139203644598,0.1633729658493018,True,0.0,13.868020296096802,"[0.23070661794824607, 0.058207605123777685, 0.09701469401478055, 0.040958979804094194, 0.10793100422616642, 0.46518109888293496]"
44,WeightedSumBaseline,IoT_Professional_Network,DL_YOLOv5s_Optimized,56.786990610015636,Micro,Macro,0.4399240712082001,Storage_Hybrid_Tiered,Communication_Fiber_Metro,Deployment_Jetson_AGX_Orin,3,27,2000660.082578022,0.040000000000000036,7.897515641854632,0.3286631719782617,164.3043669320585,0.00011058051521497809,0.96,9043.184489201496,1.032326996484189,200066.0082578022,1000.330041289011,0.16430436693205852,True,0.0,13.868020296096802,"[0.21264809580823535, 0.19305484630498293, 0.1984759338113958, 0.2155864985166442, 0.04411769149935781, 0.13611693405938377]"
45,WeightedSumBaseline,IoT_Professional_Network,ML_RandomForest_Fast,45.59223825487739,Micro,Meso,0.7158976803237008,Storage_Hybrid_Tiered,Communication_Fiber_Metro,Deployment_Jetson_OrinNano,3,1,1586151.132705496,0.05508034532419359,8.238359038438961,0.3286631719782617,185.87229750923944,0.00010876126119758165,0.9449196546758064,9194.450202111442,1.0495947719305299,158615.1132705496,793.075566352748,0.18587229750923945,True,0.0,13.868020296096802,"[0.1289116210189191, 0.06591604550448245, 0.04684105175204052, 0.2973316861055605, 0.2185400113729762, 0.24245958424602124]"
46,WeightedSumBaseline,IoT_Professional_Network,Traditional_Morphology,56.475458440205806,Meso,Micro,0.40907997847396305,Storage_Hybrid_Tiered,Communication_V2X_RSU,Deployment_Jetson_AGX_Orin,3,191,1236565.293654731,0.06036186217734474,13.835344791632455,0.3286631719782617,163.3478175748691,8.632339982376032e-05,0.9396381378226553,11584.344477182563,1.3224137531030324,123656.5293654731,618.2826468273655,0.1633478175748691,True,0.0,13.868020296096802,"[0.23171631444345056, 0.04904975406382033, 0.25823005617446776, 0.12776402131892073, 0.08946351937345721, 0.24377633462588327]"
47,WeightedSumBaseline,IoT_Professional_Network,ML_XGBoost_Tuned,52.44904230452,Micro,Macro,0.48180630342677255,Storage_Hybrid_Tiered,Communication_Fiber_Metro,Deployment_Jetson_OrinNano,1,1,1267695.2680630304,0.040000000000000036,7.958383971994154,0.18259065109903427,189.27335463379478,0.00012017678631173691,0.96,8321.074565981602,0.9498943568472148,126769.52680630304,633.8476340315152,0.18927335463379477,True,0.0,13.868020296096802,"[0.09191212609923655, 0.30307647134011195, 0.057169939441991315, 0.21178248612279876, 0.21879368003500252, 0.11726529696085887]"
48,WeightedSumBaseline,IoT_Professional_Network,DL_EfficientNet_B0,24.697274001807372,Micro,Meso,0.48183122711778537,Storage_Azure_Blob_Hot,Communication_5G_SmallCell,Deployment_Jetson_AGX_Orin,4,110,3478840.3018830707,0.040000000000000036,10.156525399316351,0.36518130219806855,163.47685185804752,0.00017643515285908941,0.96,5667.804764499814,0.6470096763127642,347884.03018830705,1739.4201509415352,0.16347685185804753,True,0.0,13.868020296096802,"[0.23465147515169324, 0.3610308246541409, 0.14339527061713617, 0.0457951101534793, 0.17580830947566883, 0.0393190099478816]"
49,WeightedSumBaseline,IoT_Professional_Network,DL_AttentionUNet_Crack,77.59464114673303,Micro,Micro,0.654939076039791,Storage_Hybrid_Tiered,Communication_V2X_RSU,Deployment_Intel_NUC_Extreme,1,86,1308496.785118642,0.040000000000000036,22.45601810710868,0.18259065109903427,163.7533565017977,0.0001238281205296346,0.96,8075.710070724037,0.9218847112698673,130849.6785118642,654.248392559321,0.1637533565017977,True,0.0,13.868020296096802,"[0.1938447384226297, 0.21780816507842604, 0.010427145571681288, 0.24468577485244283, 0.2019028116812145, 0.13133136439360568]"
50,WeightedSumBaseline,IoT_Professional_Network,DL_AttentionUNet_Crack,50.20170999369945,Micro,Macro,0.43555481257055484,Storage_Hybrid_Tiered,Communication_Fiber_Metro,Deployment_Jetson_AGX_Orin,2,95,1774134.5447205114,0.040000000000000036,8.1126781090755,0.2556269115386479,163.52090195862408,0.00012199604032913335,0.96,8196.987355508409,0.9357291501721927,177413.45447205115,887.0672723602557,0.1635209019586241,True,0.0,13.868020296096802,"[0.002636898547269732, 0.08140569803219759, 0.20741219056067253, 0.37020059125810734, 0.0207863693460575, 0.3175582522556954]"
51,WeightedSumBaseline,IoT_Professional_Network,DL_YOLOv7_Standard,49.353891960216295,Meso,Micro,0.6038374997492689,Storage_Hybrid_Tiered,Communication_Fiber_Metro,Deployment_Jetson_OrinNano,3,139,1781590.2433516788,0.04485245500663604,8.071384825003797,0.3286631719782617,163.35613705409355,0.00011128226960094301,0.955147544993364,8986.157485698206,1.0258170645774207,178159.0243351679,890.7951216758395,0.16335613705409355,True,0.0,13.868020296096802,"[0.006583422739982802, 0.2031953696564878, 0.10864385529840681, 0.29778248873235225, 0.05904292861800202, 0.32475193495476834]"
52,WeightedSumBaseline,IoT_Professional_Network,ML_RandomForest_Fast,33.943372773224944,Micro,Micro,0.5065478255690018,Storage_Hybrid_Tiered,Communication_V2X_RSU,Deployment_Jetson_OrinNano,2,13,1078126.4692360612,0.040000000000000036,15.532811650124804,0.2556269115386479,164.68759252193934,0.00012251011964507024,0.96,8162.590999805947,0.931802625548624,107812.64692360612,539.0632346180306,0.16468759252193935,True,0.0,13.868020296096802,"[0.20047429854869253, 0.25819069748994905, 0.14467857445300142, 0.05833966552089734, 0.1965410914577044, 0.14177567252975515]"
53,WeightedSumBaseline,IoT_Professional_Network,ML_RandomForest_Fast,73.58825607718637,Meso,Micro,0.3547144000444643,Storage_Hybrid_Tiered,Communication_Fiber_Metro,Deployment_Jetson_OrinNano,8,105,2394185.879166391,0.040000000000000036,7.387676550617739,0.4747356928574892,163.4511251769381,0.00010305349864050403,0.96,9703.6977219807,1.1077280504544178,239418.5879166391,1197.0929395831956,0.1634511251769381,True,0.0,13.868020296096802,"[0.009900770681636587, 0.08245516076136328, 0.10926361247584836, 0.31512825543287887, 0.40715315379369454, 0.07609904685457823]"
54,WeightedSumBaseline,IoT_LoRaWAN_Sensor,DL_YOLOv5s_Optimized,75.08509768656184,Micro,Micro,0.8125823430379978,Storage_Hybrid_Tiered,Communication_Fiber_Metro,Deployment_Jetson_AGX_Orin,6,87,1719049.3919708459,0.04575242042710914,7.3679318436191545,0.4747356928574892,100.0,0.00015513150456048798,0.9542475795728909,6446.143888265364,0.7358611744595164,171904.93919708458,859.5246959854229,0.1,True,0.0,13.868020296096802,"[0.13119389416938612, 0.18348579390848593, 0.24420525533352952, 0.2547625911726816, 0.13617490403738708, 0.050177561378529786]"
55,WeightedSumBaseline,IoT_Professional_Network,ML_XGBoost_Tuned,81.13673239702729,Micro,Micro,0.5095625509307496,Storage_Hybrid_Tiered,Communication_Fiber_Metro,Deployment_Jetson_AGX_Orin,1,1,1276787.4354019067,0.040000000000000036,7.3125759420352505,0.18259065109903427,203.50279331539798,0.000119475031925772,0.96,8369.949636182435,0.9554737027605519,127678.74354019067,638.3937177009534,0.20350279331539797,True,0.0,13.868020296096802,"[0.06486501517855457, 0.21272321489151294, 0.16708169137054113, 0.0203348168327887, 0.31600277494786616, 0.21899248677873645]"
56,WeightedSumBaseline,IoT_Professional_Network,ML_SVM_Optimized,60.67953895615271,Micro,Micro,0.7064442980033253,Storage_Hybrid_Tiered,Communication_5G_SmallCell,Deployment_Jetson_OrinNano,1,109,965118.347704148,0.040000000000000036,7.826098017976936,0.18259065109903427,163.6242465578727,0.00012290694504189564,0.96,8136.236724939564,0.9287941466825986,96511.8347704148,482.559173852074,0.16362424655787272,True,0.0,13.868020296096802,"[0.26009494600122895, 0.11982462271338193, 0.15421398284707605, 0.11072064282031344, 0.06150743895519924, 0.29363836666280035]"
57,WeightedSumBaseline,IoT_Professional_Network,DL_EfficientNet_B0,42.46424515155148,Micro,Micro,0.5608773984651964,Storage_Hybrid_Tiered,Communication_Fiber_Metro,Deployment_Jetson_OrinNano,4,11,2429773.194557916,0.040000000000000036,8.457031077658915,0.36518130219806855,165.17856778400494,0.00011128226960094301,0.96,8986.157485698206,1.0258170645774207,242977.31945579158,1214.8865972789579,0.16517856778400494,True,0.0,13.868020296096802,"[0.2998168635032864, 0.19407245559532588, 0.11780905149066724, 0.10067365296037717, 0.045185469820804305, 0.24244250662953892]"
58,WeightedSumBaseline,IoT_Professional_Network,DL_EfficientNet_B0,47.8214457824286,Micro,Macro,0.38753528014470306,Storage_Hybrid_Tiered,Communication_5G_SmallCell,Deployment_Jetson_OrinNano,3,55,1460343.5310013709,0.040000000000000036,8.299256119357358,0.3286631719782617,163.831328252913,0.00011401242833110174,0.96,8770.973609086857,1.0012526951012395,146034.3531001371,730.1717655006854,0.16383132825291302,True,0.0,13.868020296096802,"[0.016788668070526657, 0.22736774859549463, 0.2824420081204499, 0.0020646454929675183, 0.2349570970143436, 0.2363798327062177]"
59,WeightedSumBaseline,IoT_Professional_Network,ML_RandomForest_Fast,46.22145195986235,Meso,Meso,0.16732970296567098,Storage_Hybrid_Tiered,Communication_Fiber_Metro,Deployment_Jetson_OrinNano,3,109,1594507.6514755655,0.040000000000000036,8.181564561969957,0.3286631719782617,163.37485216646596,0.00010876126119758165,0.96,9194.450202111442,1.0495947719305299,159450.76514755655,797.2538257377828,0.16337485216646597,True,0.0,13.868020296096802,"[0.04741911242207736, 0.3936206859224016, 0.11375601179633067, 0.24189758698419653, 0.14486406847610372, 0.058442534398890085]"
60,WeightedSumBaseline,IoT_Professional_Network,ML_XGBoost_Tuned,76.87792626299927,Macro,Meso,0.28793276936370704,Storage_Hybrid_Tiered,Communication_V2X_RSU,Deployment_Jetson_AGX_Orin,1,1,931356.9622002526,0.040000000000000036,11.435021328446297,0.18259065109903427,174.95029557618,0.00012180836525910532,0.96,8209.61678512674,0.9371708658820479,93135.69622002526,465.6784811001263,0.17495029557618,True,0.0,13.868020296096802,"[0.2144394017619161, 0.18341701718086859, 0.2164886488084914, 0.12266049034644308, 0.07520466028320814, 0.18778978161907278]"
61,WeightedSumBaseline,IoT_Professional_Network,DL_YOLOv8_SOTA,29.871016854659537,Micro,Micro,0.6444221096116586,Storage_Hybrid_Tiered,Communication_V2X_RSU,Deployment_Intel_NUC_Extreme,1,44,1436024.7213275982,0.040000000000000036,15.186554599765522,0.18259065109903427,163.6307193331034,0.0001238281205296346,0.96,8075.710070724037,0.9218847112698673,143602.4721327598,718.0123606637991,0.1636307193331034,True,0.0,13.868020296096802,"[0.13587294981766346, 0.26074503310221686, 0.051325457392215536, 0.13269651167094015, 0.31997389786231745, 0.09938615015464661]"
62,WeightedSumBaseline,IoT_Professional_Network,ML_XGBoost_Tuned,40.43129211706044,Micro,Meso,0.3859568918629307,Storage_Hybrid_Tiered,Communication_Fiber_Metro,Deployment_Jetson_OrinNano,3,71,1588151.7766293902,0.040000000000000036,8.513240757390442,0.3286631719782617,163.54045642630598,0.00010876126119758165,0.96,9194.450202111442,1.0495947719305299,158815.177662939,794.075888314695,0.163540456426306,True,0.0,13.868020296096802,"[0.11148275218547374, 0.21128803754433123, 0.21647336702361838, 0.06988569974816818, 0.252493585277333, 0.13837655822107559]"
63,WeightedSumBaseline,IoT_Professional_Network,ML_SVM_Optimized,59.94505167280654,Micro,Meso,0.4312404882055285,Storage_Hybrid_Tiered,Communication_V2X_RSU,Deployment_Intel_NUC_Extreme,1,20,938387.6198451081,0.040000000000000036,19.30056165783668,0.18259065109903427,164.89905814738307,0.00012130711212627324,0.96,8243.539743647194,0.9410433497314148,93838.76198451081,469.19380992255407,0.16489905814738307,True,0.0,13.868020296096802,"[0.3308081819771573, 0.14732571220485582, 0.08597565517119514, 0.01695413708474874, 0.27009753608742826, 0.14883877747461458]"
64,WeightedSumBaseline,IoT_Professional_Network,ML_RandomForest_Fast,57.099275369137985,Meso,Micro,0.4968272474943435,Storage_Hybrid_Tiered,Communication_Fiber_Metro,Deployment_Intel_NUC_Extreme,3,145,1604452.6626464233,0.040000000000000036,7.7736545877473375,0.3286631719782617,163.36651312666626,0.00010755825367878466,0.96,9297.287430738987,1.0613341815912085,160445.26626464233,802.2263313232116,0.16336651312666625,True,0.0,13.868020296096802,"[0.10143753050480357, 0.09996712715452676, 0.312234848502395, 0.24551791248533988, 0.18591740643740873, 0.054925174915526155]"
65,WeightedSumBaseline,IoT_Professional_Network,DL_YOLOv5s_Optimized,45.01138502211164,Micro,Micro,0.7223248588314694,Storage_Hybrid_Tiered,Communication_Fiber_Metro,Deployment_Intel_NUC_Extreme,4,41,2056358.1437833044,0.040000000000000036,8.329893673128312,0.36518130219806855,163.8041820664525,0.00011007926208214601,0.96,9084.363222327524,1.0370277651058817,205635.81437833043,1028.179071891652,0.1638041820664525,True,0.0,13.868020296096802,"[0.062402457191626834, 0.238933793598311, 0.06673341952595553, 0.004701478333123471, 0.5170471299308569, 0.1101817214201263]"
66,WeightedSumBaseline,IoT_Professional_Network,DL_MobileNetV3_Edge,62.61647082681789,Micro,Macro,0.608127376880489,Storage_Hybrid_Tiered,Communication_Fiber_Metro,Deployment_Jetson_AGX_Orin,3,102,1691203.360623323,0.0547485432172532,7.747590283977077,0.3286631719782617,163.56341286778792,0.00011058051521497809,0.9452514567827468,9043.184489201496,1.032326996484189,169120.3360623323,845.6016803116614,0.16356341286778792,True,0.0,13.868020296096802,"[0.2277398592199179, 0.09199781787502836, 0.13776780756668053, 0.23214307000965836, 0.17557039693846818, 0.13478104839024677]"
67,WeightedSumBaseline,IoT_Professional_Network,ML_XGBoost_Tuned,17.342244944319372,Micro,Macro,0.5270299870136212,Storage_Hybrid_Tiered,Communication_Fiber_Metro,Deployment_Jetson_AGX_Orin,1,80,1271558.765520214,0.040000000000000036,11.783384355369517,0.18259065109903427,163.3655245210754,0.000119475031925772,0.96,8369.949636182435,0.9554737027605519,127155.87655202141,635.7793827601071,0.1633655245210754,True,0.0,13.868020296096802,"[0.11468253273093547, 0.023446694134541333, 0.3005737808085043, 0.3337926430619937, 0.1110875810645019, 0.1164167681995234]"
68,WeightedSumBaseline,IoT_Professional_Network,DL_EfficientNet_B0,51.44279266107553,Macro,Micro,0.5505594314121811,Storage_Hybrid_Tiered,Communication_V2X_RSU,Deployment_Intel_NUC_Extreme,4,75,1558870.0191023033,0.07617173941830957,10.719794294784812,0.36518130219806855,163.3626032944643,0.00011241259541547934,0.9238282605816904,8895.80029981497,1.015502317330476,155887.00191023032,779.4350095511516,0.16336260329446428,True,0.0,13.868020296096802,"[0.33319530750152826, 0.00562413319595171, 0.016096901457590688, 0.34041946425499636, 0.15362187870698069, 0.1510423148829523]"
69,WeightedSumBaseline,IoT_Professional_Network,Traditional_Morphology,80.65292634738469,Micro,Micro,0.6315098762894547,Storage_Hybrid_Tiered,Communication_V2X_RSU,Deployment_Jetson_AGX_Orin,4,36,1397108.286406115,0.0573925722507419,22.833458538602173,0.36518130219806855,164.48296889452726,8.632339982376032e-05,0.9426074277492581,11584.344477182563,1.3224137531030324,139710.8286406115,698.5541432030575,0.16448296889452726,True,0.0,13.868020296096802,"[0.10229929345797467, 0.08552246597394651, 0.20791695723288453, 0.036499077207587674, 0.26548585720867524, 0.30227634891893124]"
70,WeightedSumBaseline,IoT_Professional_Network,Traditional_Morphology,45.13612620860731,Micro,Macro,0.5912607832184797,Storage_Hybrid_Tiered,Communication_Fiber_Metro,Deployment_Jetson_OrinNano,3,61,1572502.9481376726,0.09395971438784767,8.228083008049659,0.3286631719782617,163.62446440227777,8.469182087639189e-05,0.9060402856121523,11807.515644981877,1.3478899138107165,157250.29481376725,786.2514740688363,0.16362446440227776,True,0.0,13.868020296096802,"[0.24019043451675628, 0.06490915204453115, 0.2255510779154337, 0.25227139875112004, 0.03416367541741404, 0.18291426135474467]"
71,WeightedSumBaseline,IoT_Professional_Network,DL_EfficientNet_B0,41.288394883637295,Micro,Micro,0.5241623043377707,Storage_Hybrid_Tiered,Communication_Fiber_Metro,Deployment_Jetson_AGX_Orin,4,44,1955289.2003651923,0.040000000000000036,8.52126937370239,0.36518130219806855,163.72484664229745,0.00011058051521497809,0.96,9043.184489201496,1.032326996484189,195528.92003651924,977.6446001825962,0.16372484664229744,True,0.0,13.868020296096802,"[0.07831480197197718, 0.37228396525503915, 0.09754811770690351, 0.06239286507077938, 0.20593997796347266, 0.18352027203182814]"
72,WeightedSumBaseline,IoT_Professional_Network,DL_MobileNetV3_Edge,51.73006185441488,Macro,Macro,0.1,Storage_Hybrid_Tiered,Communication_V2X_RSU,Deployment_Jetson_OrinNano,4,246,1487572.8179914774,0.040000000000000036,10.72450055997028,0.36518130219806855,163.2900693368783,0.00011361560293427633,0.96,8801.608002542343,1.0047497719797196,148757.28179914775,743.7864089957387,0.1632900693368783,True,0.0,13.868020296096802,"[0.1980816904721753, 0.17289993647114754, 0.2646895171335355, 0.10430198778515734, 0.022676340620917165, 0.23735052751706723]"
73,WeightedSumBaseline,IoT_Professional_Network,ML_XGBoost_Tuned,22.10655937246248,Meso,Meso,0.6481080118450279,Storage_Hybrid_Tiered,Communication_V2X_RSU,Deployment_Jetson_AGX_Orin,4,124,1411301.2560096467,0.07758107520243396,12.90327854314269,0.36518130219806855,163.3122284999256,0.00011039284014495007,0.922418924797566,9058.558496066968,1.0340820200989689,141130.12560096467,705.6506280048234,0.1633122284999256,True,0.0,13.868020296096802,"[0.13256563922119627, 0.20036747735184793, 0.058296945512503216, 0.059647786155358755, 0.17789737706948233, 0.3712247746896115]"
74,WeightedSumBaseline,IoT_Professional_Network,DL_AttentionUNet_Crack,15.039382005292243,Meso,Micro,0.529224268641418,Storage_Hybrid_Tiered,Communication_Fiber_Metro,Deployment_Jetson_AGX_Orin,3,260,1777761.581674626,0.040000000000000036,12.66298363284736,0.3286631719782617,163.27398759190322,0.00011058051521497809,0.96,9043.184489201496,1.032326996484189,177776.15816746262,888.8807908373132,0.16327398759190323,True,0.0,13.868020296096802,"[0.032037457724235247, 0.17790778567974638, 0.043180104474954614, 0.11823806643335494, 0.31418300847924124, 0.31445357720846756]"
75,WeightedSumBaseline,IoT_Professional_Network,DL_YOLOv5s_Optimized,40.96985542167721,Micro,Macro,0.5940763744560899,Storage_Hybrid_Tiered,Communication_Fiber_Metro,Deployment_Jetson_OrinNano,6,62,2279801.7045815964,0.044456424764576896,8.539334308154688,0.4747356928574892,163.5867544637245,0.00010557450704386538,0.9555435752354231,9471.983606653335,1.0812766674261798,227980.17045815964,1139.9008522907982,0.1635867544637245,True,0.0,13.868020296096802,"[0.066193209550289, 0.22786892758620858, 0.1516100798622946, 0.14174944008774212, 0.25062220031936844, 0.1619561425940973]"
76,WeightedSumBaseline,IoT_Professional_Network,ML_RandomForest_Fast,50.08095365976645,Micro,Macro,0.48911829703332854,Storage_Hybrid_Tiered,Communication_Fiber_Metro,Deployment_Intel_NUC_Extreme,3,89,1604485.9363818006,0.040000000000000036,8.046201057772667,0.3286631719782617,163.5371095981696,0.00010755825367878466,0.96,9297.287430738987,1.0613341815912085,160448.59363818006,802.2429681909002,0.16353710959816958,True,0.0,13.868020296096802,"[0.13577792701948174, 0.15621731489594354, 0.31916154500643346, 0.14826516192470324, 0.08116529043294492, 0.15941276072049307]"
77,WeightedSumBaseline,IoT_Professional_Network,DL_RetinaNet_Focal,30.92267119411368,Meso,Meso,0.2226011138005098,Storage_Hybrid_Tiered,Communication_5G_SmallCell,Deployment_Intel_NUC_Extreme,4,187,1616232.333340614,0.040000000000000036,9.295658943149073,0.36518130219806855,163.318576785277,0.00011280942081230474,0.96,8864.507882403066,1.0119301235619937,161623.2333340614,808.1161666703069,0.163318576785277,True,0.0,13.868020296096802,"[0.08247113340854219, 0.20664663100389088, 0.330812028145194, 0.01957855157053598, 0.07376781964950517, 0.2867238362223319]"
78,WeightedSumBaseline,IoT_Professional_Network,DL_MaskRCNN_ResNet50,34.350066481108556,Micro,Micro,0.5597828030624876,Storage_Hybrid_Tiered,Communication_Fiber_Metro,Deployment_Jetson_AGX_Orin,4,48,2461593.6766463313,0.040000000000000036,8.993800042486836,0.36518130219806855,163.61402890693324,0.00011058051521497809,0.96,9043.184489201496,1.032326996484189,246159.36766463314,1230.7968383231657,0.16361402890693325,True,0.0,13.868020296096802,"[0.11253933160275766, 0.12615467432461672, 0.36164242336545477, 0.30357769048130345, 0.019297840879604875, 0.07678803934626248]"
79,WeightedSumBaseline,IoT_Professional_Network,Traditional_Morphology,31.82468528754644,Micro,Micro,0.3001362514081898,Storage_PostgreSQL_PostGIS,Communication_V2X_RSU,Deployment_Jetson_AGX_Orin,4,56,1009694.2729055801,0.040000000000000036,15.295255237319024,0.36518130219806855,163.74794868355443,0.00014831170391732757,0.96,6742.556208223617,0.769698197285801,100969.42729055801,504.8471364527901,0.16374794868355444,True,0.0,13.868020296096802,"[0.2487438288463097, 0.14309860453819803, 0.08632278668759683, 0.08543137329895252, 0.2188593303990582, 0.21754407622988475]"
80,WeightedSumBaseline,IoT_LoRaWAN_Sensor,DL_YOLOv7_Standard,90.73408798392626,Meso,Meso,0.5645047286900192,Storage_Hybrid_Tiered,Communication_Fiber_Metro,Deployment_Intel_NUC_Extreme,1,74,1314000.2021905032,0.043933251779040505,7.118741899056516,0.18259065109903427,100.0,0.00018887682677012164,0.9560667482209595,5294.45574187394,0.6043899248714543,131400.02021905032,657.0001010952516,0.1,True,0.0,13.868020296096802,"[0.2582810206088731, 0.2377938476699344, 0.17495421190295038, 0.14874969571164076, 0.09883381069707033, 0.08138741340953119]"
81,WeightedSumBaseline,IoT_Professional_Network,Traditional_Morphology,43.62879122438613,Micro,Micro,0.5965820384642612,Storage_Hybrid_Tiered,Communication_Fiber_Metro,Deployment_Cloud_GPU_A4000,3,49,1661040.37218364,0.060072313326138715,12.30646698332553,0.3286631719782617,161.47023644480916,8.311287350797083e-05,0.9399276866738613,12031.830422805635,1.373496623607949,166104.037218364,830.52018609182,0.16147023644480915,True,0.0,13.868020296096802,"[0.2783765196496939, 0.01133113099644108, 0.20964348653444018, 0.06943399748139607, 0.14126016980324896, 0.28995469553477987]"
82,WeightedSumBaseline,IoT_Professional_Network,DL_YOLOv8_Nano,33.054175213122704,Micro,Micro,0.5524502389901362,Storage_Hybrid_Tiered,Communication_Fiber_Metro,Deployment_Jetson_OrinNano,4,204,1863084.5338779506,0.040000000000000036,9.104817866436925,0.36518130219806855,163.33861114201187,0.00011128226960094301,0.96,8986.157485698206,1.0258170645774207,186308.45338779507,931.5422669389753,0.16333861114201187,True,0.0,13.868020296096802,"[0.25742873122249044, 0.06652071465444676, 0.012675494935104071, 0.26074697372908173, 0.17970151677883833, 0.22292656868003874]"
83,WeightedSumBaseline,IoT_Professional_Network,DL_RetinaNet_Focal,43.876377208348984,Micro,Meso,0.5625890548993404,Storage_Hybrid_Tiered,Communication_Fiber_Metro,Deployment_Jetson_AGX_Orin,3,92,1804947.0004271995,0.040000000000000036,8.384635052254886,0.3286631719782617,163.4952694647321,0.00011058051521497809,0.96,9043.184489201496,1.032326996484189,180494.70004271995,902.4735002135998,0.1634952694647321,True,0.0,13.868020296096802,"[0.2892892905553713, 0.15616958825831176, 0.21045492981279318, 0.07728065423117478, 0.08466670055126367, 0.18213883659108535]"
84,WeightedSumBaseline,IoT_Professional_Network,Hybrid_CNN_SVM,21.96373783800245,Macro,Micro,0.27768456702507593,Storage_Hybrid_Tiered,Communication_V2X_RSU,Deployment_Jetson_OrinNano,3,79,1344402.9403568527,0.040000000000000036,11.734101196691594,0.3286631719782617,163.3002841189236,0.00011109459453091498,0.96,9001.338041894773,1.0275500047825084,134440.29403568528,672.2014701784263,0.1633002841189236,True,0.0,13.868020296096802,"[0.32332654395827926, 0.1460591472321761, 0.11459596755713301, 0.17805529195026312, 0.04259964635363039, 0.19536340294851817]"
85,WeightedSumBaseline,IoT_Professional_Network,DL_RetinaNet_Focal,63.02875207673747,Meso,Meso,0.42023589699942476,Storage_Hybrid_Tiered,Communication_Fiber_Metro,Deployment_Jetson_OrinNano,3,43,1973323.439610663,0.04170893954373478,7.644304178428017,0.3286631719782617,163.66313210840104,0.00011128226960094301,0.9582910604562652,8986.157485698206,1.0258170645774207,197332.3439610663,986.6617198053315,0.16366313210840105,True,0.0,13.868020296096802,"[0.19032385813828195, 0.12668290325090992, 0.2113076396873186, 0.05443294335297902, 0.19708994319627754, 0.22016271237423296]"
86,WeightedSumBaseline,IoT_Professional_Network,DL_EfficientNet_B0,34.31743297687096,Micro,Micro,0.46154097894059465,Storage_Hybrid_Tiered,Communication_Fiber_Metro,Deployment_Jetson_OrinNano,6,51,2248742.1983724292,0.040000000000000036,8.99648992473384,0.4747356928574892,163.592767689146,0.00010557450704386538,0.96,9471.983606653335,1.0812766674261798,224874.2198372429,1124.3710991862145,0.163592767689146,True,0.0,13.868020296096802,"[0.21229336429481974, 0.2218259205101091, 0.24543020839016577, 0.013996288590204995, 0.1365688445151819, 0.1698853736995185]"
87,WeightedSumBaseline,IoT_Professional_Network,DL_YOLOv8_SOTA,43.956082317280185,Meso,Micro,0.7188918357566297,Storage_Hybrid_Tiered,Communication_Fiber_Metro,Deployment_Jetson_OrinNano,4,90,2037410.2352737705,0.05714479074064449,8.315256443842976,0.36518130219806855,163.39299039863874,0.00011128226960094301,0.9428552092593555,8986.157485698206,1.0258170645774207,203741.02352737705,1018.7051176368852,0.16339299039863875,True,0.0,13.868020296096802,"[0.10102678104434444, 0.12019419431698398, 0.25709226878853325, 0.007920026859219819, 0.27203327811017336, 0.24173345088074502]"
88,WeightedSumBaseline,IoT_Professional_Network,DL_YOLOv8_SOTA,78.83594130980377,Micro,Meso,0.23233987674459045,Storage_Hybrid_Tiered,Communication_Fiber_Metro,Deployment_Jetson_AGX_Orin,4,201,1945371.6038484338,0.040000000000000036,7.458024405144766,0.36518130219806855,163.45313138022743,0.00011058051521497809,0.96,9043.184489201496,1.032326996484189,194537.1603848434,972.6858019242169,0.16345313138022743,True,0.0,13.868020296096802,"[0.0577588621710473, 0.17010747723033834, 0.3005260305618356, 0.12446615081423612, 0.206345794636895, 0.14079568458564773]"
89,WeightedSumBaseline,IoT_Professional_Network,DL_EfficientNet_B0,58.01091061475029,Meso,Micro,0.3911982153299165,Storage_Hybrid_Tiered,Communication_Fiber_Metro,Deployment_Jetson_AGX_Orin,7,186,2318797.07036558,0.040000000000000036,7.776944601336204,0.4747356928574892,163.34420315275904,0.00010487275265790046,0.96,9535.365236974794,1.088512013353287,231879.707036558,1159.3985351827898,0.16334420315275905,True,0.0,13.868020296096802,"[0.2518579429721446, 0.10901282522631875, 0.12285902814857447, 0.1182255496104027, 0.14463196582727966, 0.2534126882152798]"
90,WeightedSumBaseline,IoT_Professional_Network,DL_MobileNetV3_Edge,50.314189554450316,Meso,Meso,0.5091420329917934,Storage_Hybrid_Tiered,Communication_Fiber_Metro,Deployment_Jetson_OrinNano,3,48,1748860.050583901,0.06391544034349683,8.03359257952026,0.3286631719782617,163.54771811808016,0.00011128226960094301,0.9360845596565032,8986.157485698206,1.0258170645774207,174886.0050583901,874.4300252919504,0.16354771811808017,True,0.0,13.868020296096802,"[0.24618370225323358, 0.007637764726178446, 0.2387484066018748, 0.021364959420762705, 0.09717766822112929, 0.3888874987768213]"
91,WeightedSumBaseline,IoT_Professional_Network,Traditional_Morphology,95.57648097291639,Micro,Micro,0.48385792046088205,Storage_Hybrid_Tiered,Communication_Fiber_Metro,Deployment_Cloud_GPU_A4000,3,154,1661049.4141740187,0.040000000000000036,11.07783383678051,0.3286631719782617,161.37491192198934,8.311287350797083e-05,0.96,12031.830422805635,1.373496623607949,166104.94141740186,830.5247070870093,0.16137491192198933,True,0.0,13.868020296096802,"[0.00372596990629759, 0.37919710555855396, 0.05151851175795187, 0.10570662939983055, 0.14182794022075546, 0.31802384315661064]"
92,WeightedSumBaseline,IoT_LoRaWAN_Sensor,ML_RandomForest_Fast,51.61660327735394,Micro,Macro,0.5547337810761619,Storage_Hybrid_Tiered,Communication_4G_Rural,Deployment_Jetson_OrinNano,2,123,1596379.9290457324,0.041731104005885755,8.15425924212204,0.2556269115386479,100.0,0.00018933660366333508,0.9582688959941142,5281.598912475102,0.6029222502825459,159637.99290457324,798.1899645228663,0.1,True,0.0,13.868020296096802,"[0.2738606369868948, 0.2315951427386883, 0.08216850249519798, 0.2590003421001202, 0.13354054933027146, 0.019834826348827272]"
93,WeightedSumBaseline,IoT_LoRaWAN_Sensor,DL_YOLOv8_SOTA,81.75632460159939,Micro,Meso,0.7407969611133306,Storage_Hybrid_Tiered,Communication_Fiber_Metro,Deployment_Jetson_OrinNano,1,40,1543322.2556649977,0.040000000000000036,7.262464906135868,0.18259065109903427,100.0,0.00019007983428891864,0.96,5260.947347418318,0.6005647656870226,154332.22556649978,771.6611278324989,0.1,True,0.0,13.868020296096802,"[0.2873395565793149, 0.027145042464749195, 0.23845780843620532, 0.3149987248419065, 0.10000989875655485, 0.03204896892126921]"
94,WeightedSumBaseline,IoT_Professional_Network,ML_RandomForest_Fast,39.91718142239651,Meso,Meso,0.43627558791157783,Storage_Hybrid_Tiered,Communication_Fiber_Metro,Deployment_Jetson_OrinNano,3,21,1583687.5730457604,0.043890555150292054,8.520789667062488,0.3286631719782617,163.78179368230877,0.00010876126119758165,0.956109444849708,9194.450202111442,1.0495947719305299,158368.75730457605,791.8437865228802,0.16378179368230877,True,0.0,13.868020296096802,"[0.23544344569999626, 0.17240402433919855, 0.10903521659879668, 0.19625765415777788, 0.08841351258065384, 0.19844614662357676]"
95,WeightedSumBaseline,IoT_Professional_Network,DL_MaskRCNN_ResNet50,78.19426537184924,Micro,Micro,0.6225035209649354,Storage_Hybrid_Tiered,Communication_Fiber_Metro,Deployment_Jetson_OrinNano,1,128,1587401.937519265,0.040000000000000036,7.466890624998949,0.18259065109903427,163.56192319812646,0.00012269779471509823,0.96,8150.1057319080555,0.9303773666561708,158740.1937519265,793.7009687596325,0.16356192319812646,True,0.0,13.868020296096802,"[0.18065656160946658, 0.09133635358528394, 0.23075206544922874, 0.12344638980509576, 0.1936753124161866, 0.18013331713473857]"
96,WeightedSumBaseline,IoT_Professional_Network,Traditional_Morphology,40.26744580201321,Micro,Micro,0.49829653260594353,Storage_Hybrid_Tiered,Communication_Fiber_Metro,Deployment_Jetson_OrinNano,3,93,1572483.4260180232,0.04542904141678694,8.494603344548057,0.3286631719782617,163.4724413242603,8.469182087639189e-05,0.9545709585832131,11807.515644981877,1.3478899138107165,157248.34260180232,786.2417130090116,0.1634724413242603,True,0.0,13.868020296096802,"[0.26273389790331775, 0.39012765535353944, 0.06935514431002707, 0.02067021599991919, 0.02500091071526347, 0.23211217571793286]"
97,WeightedSumBaseline,IoT_Professional_Network,Traditional_Canny_Optimized,63.57868767007203,Meso,Micro,0.34817792990891233,Storage_Hybrid_Tiered,Communication_V2X_RSU,Deployment_Jetson_OrinNano,2,72,1069030.6909995666,0.04255953392956713,14.400304464383026,0.2556269115386479,163.52623410120728,9.844067932388047e-05,0.9574404660704329,10158.402063743302,1.159634938783482,106903.06909995666,534.5153454997833,0.16352623410120729,True,0.0,13.868020296096802,"[0.06791528830597837, 0.3224021280251229, 0.15727679982789083, 0.192132776085639, 0.06212343147622662, 0.1981495762791423]"
98,WeightedSumBaseline,IoT_Professional_Network,DL_YOLOv8_Nano,53.77571553072994,Micro,Meso,0.6594692200992774,Storage_Hybrid_Tiered,Communication_Fiber_Metro,Deployment_Jetson_OrinNano,2,39,1784788.0025548236,0.04107272675457463,7.9888835191653165,0.2556269115386479,163.94399429995687,0.00012269779471509823,0.9589272732454254,8150.1057319080555,0.9303773666561708,178478.80025548238,892.3940012774119,0.16394399429995687,True,0.0,13.868020296096802,"[0.24744290087532383, 0.17588714313790907, 0.008994984787708956, 0.16985627684392443, 0.22592367686728732, 0.17189501748784633]"
99,WeightedSumBaseline,IoT_Professional_Network,Traditional_Morphology,58.88094431329057,Macro,Micro,0.21411132346208483,Storage_Azure_Blob_Hot,Communication_Fiber_Metro,Deployment_Jetson_OrinNano,3,13,3496417.5149089913,0.05011261078632212,7.701658162560818,0.3286631719782617,164.27787918602664,0.0001359432839173286,0.9498873892136779,7356.008852987041,0.8397270380122193,349641.7514908991,1748.2087574544958,0.16427787918602663,True,0.0,13.868020296096802,"[0.10561290300575066, 0.2108070201417315, 0.288900549340949, 0.13767061110027395, 0.01755252668670979, 0.23945638972458508]"
100,WeightedSumBaseline,IoT_Professional_Network,ML_RandomForest_Fast,12.301247220044505,Micro,Micro,0.4440475143743736,Storage_Hybrid_Tiered,Communication_5G_SmallCell,Deployment_Jetson_OrinNano,5,43,1610570.538086065,0.040000000000000036,14.165361478432253,0.4016994324178754,163.4462081684554,0.00011149141992774039,0.96,8969.300064956731,1.0238927014790788,161057.05380860652,805.2852690430326,0.1634462081684554,True,0.0,13.868020296096802,"[0.1775752400323742, 0.1792117532872101, 0.0824920017049102, 0.14242040640774742, 0.17161392659838373, 0.24668667196937438]"
